epoch,train_loss,val_loss
1.0,0.00668164761736989,0.00575020257383585
2.0,0.00575020257383585,0.004954279866069555
3.0,0.004954279866069555,0.004253106191754341
