{
  "x_mean": [
    0.0,
    0.0,
    0.0,
    0.0,
    0.0,
    0.0,
    0.0,
    0.0,
    0.0,
    0.5,
    15.0,
    3.0,
    1.0,
    1.0,
    1.0,
    1.0,
    1.0,
    1.0,
    1.0,
    1.0,
    1.0,
    0.0,
    0.0,
    0.0
  ],
  "x_std": [
    1.0,
    1.0,
    1.0,
    1.0,
    1.0,
    1.0,
    1.0,
    1.0,
    1.0,
    1.0,
    1.0,
    1.0,
    1.0,
    1.0,
    1.0,
    1.0,
    1.0,
    1.0,
    1.0,
    1.0,
    1.0,
    1.0,
    1.0,
    1.0
  ],
  "y_mean": [
    -12.654712677001953,
    12.603979110717773,
    -20.767967224121094,
    7.00925874710083,
    -4.850571632385254,
    7.114910125732422,
    -6.9093241691589355,
    1.6935874223709106,
    -9.649538040161133,
    -8.655014038085938,
    3.301616668701172,
    -8.290453910827637,
    11.051095008850098,
    -6.098960876464844,
    2.370309829711914,
    8.07741928100586,
    16.523189544677734,
    4.237198829650879,
    18.016199111938477,
    11.90290641784668,
    5.27341890335083,
    11.07240104675293,
    -2.089297294616699,
    10.328156471252441,
    -12.654712677001953,
    12.603979110717773,
    -20.767967224121094,
    7.00925874710083,
    -4.850571632385254,
    7.114910125732422
  ],
  "y_std": [
    1.0,
    1.0,
    1.0,
    1.0,
    1.0,
    1.0,
    1.0,
    1.0,
    1.0,
    1.0,
    1.0,
    1.0,
    1.0,
    1.0,
    1.0,
    1.0,
    1.0,
    1.0,
    1.0,
    1.0,
    1.0,
    1.0,
    1.0,
    1.0,
    1.0,
    1.0,
    1.0,
    1.0,
    1.0,
    1.0
  ],
  "feature_names": [
    "rpm",
    "omega",
    "volume_fraction",
    "Ri",
    "Ro",
    "B",
    "h_hub",
    "h_rim",
    "r_min",
    "eta",
    "n_control_points",
    "degree",
    "is_missing_rpm",
    "is_missing_omega",
    "is_missing_volume_fraction",
    "is_missing_Ri",
    "is_missing_Ro",
    "is_missing_B",
    "is_missing_h_hub",
    "is_missing_h_rim",
    "is_missing_r_min",
    "is_missing_eta",
    "is_missing_n_control_points",
    "is_missing_degree"
  ],
  "target_names": [
    "P1_x",
    "P1_z",
    "P2_x",
    "P2_z",
    "P3_x",
    "P3_z",
    "P4_x",
    "P4_z",
    "P5_x",
    "P5_z",
    "P6_x",
    "P6_z",
    "P7_x",
    "P7_z",
    "P8_x",
    "P8_z",
    "P9_x",
    "P9_z",
    "P10_x",
    "P10_z",
    "P11_x",
    "P11_z",
    "P12_x",
    "P12_z",
    "P13_x",
    "P13_z",
    "P14_x",
    "P14_z",
    "P15_x",
    "P15_z"
  ],
  "is_smoke_test": true,
  "warning": "Smoke test only: this run validates the training code path and does not represent engineering generalization accuracy."
}