sample_id,split,target_00,target_01,target_02,target_03,target_04,target_05,target_06,target_07,target_08,target_09,target_10,target_11,target_12,target_13,target_14,target_15,target_16,target_17,target_18,target_19,target_20,target_21,target_22,target_23,target_24,target_25,target_26,target_27,target_28,target_29,pred_00,pred_01,pred_02,pred_03,pred_04,pred_05,pred_06,pred_07,pred_08,pred_09,pred_10,pred_11,pred_12,pred_13,pred_14,pred_15,pred_16,pred_17,pred_18,pred_19,pred_20,pred_21,pred_22,pred_23,pred_24,pred_25,pred_26,pred_27,pred_28,pred_29
hyb_current_actual/run_manual_eta050_tri_iso,test,-12.654712677001953,12.603979110717773,-20.767967224121094,7.00925874710083,-4.850571632385254,7.114910125732422,-6.9093241691589355,1.6935874223709106,-9.649538040161133,-8.655014038085938,3.301616668701172,-8.290453910827637,11.051095008850098,-6.098960876464844,2.370309829711914,8.07741928100586,16.523189544677734,4.237198829650879,18.016199111938477,11.90290641784668,5.27341890335083,11.07240104675293,-2.089297294616699,10.328156471252441,-12.654712677001953,12.603979110717773,-20.767967224121094,7.00925874710083,-4.850571632385254,7.114910125732422,-12.650236129760742,12.671869277954102,-20.755552291870117,7.089743614196777,-4.943899631500244,7.0664167404174805,-6.964492321014404,1.7496414184570312,-9.613340377807617,-8.717761993408203,3.3369696140289307,-8.29300594329834,10.953165054321289,-6.062111854553223,2.434576988220215,7.981567859649658,16.57069969177246,4.375255107879639,18.033445358276367,11.957101821899414,5.260188102722168,11.106819152832031,-1.960986852645874,10.20974063873291,-12.701544761657715,12.599494934082031,-20.716567993164062,6.967005729675293,-4.787054538726807,7.127477645874023
